singkatan,kata
@, di
abis, habis
ad, ada
adlh, adalah
afaik, as far as i know
ahaha, haha
aj, saja
ajep-ajep, dunia gemerlap
ak, saya
akika, aku
akkoh, aku
akuwh, aku
alay, norak
alow, halo
ambilin, ambilkan
ancur, hancur
anjrit, anjing
anter, antar
ap2, apa-apa
apasih, apa sih
apes, sial
aps, apa
aq, saya
aquwh, aku
asbun, asal bunyi
aseekk, asyik
asekk, asyik
asem, asam
aspal, asli tetapi palsu
astul, asal tulis
ato, atau
au ah, tidak mau tahu
awak, saya
ay, sayang
ayank, sayang
b4, sebelum
bakalan, akan
bandes, bantuan desa
bangedh, banget
banpol, bantuan polisi
banpur, bantuan tempur
basbang, basi
bcanda, bercanda
bdg, bandung
begajulan, nakal
beliin, belikan
bencong, banci
bentar, sebentar
ber3, bertiga
beresin, membereskan
bete, bosan
beud, banget
bg, abang
bgmn, bagaimana
bgt, banget
bijimane, bagaimana
bintal, bimbingan mental
bkl, akan
bknnya, bukannya
blegug, bodoh
blh, boleh
bln, bulan
blum, belum
bnci, benci
bnran, yang benar
bodor, lucu
bokap, ayah
boker, buang air besar
bokis, bohong
boljug, boleh juga
bonek, bocah nekat
boyeh, boleh
br, baru
brg, bareng
bro, saudara laki-laki
bru, baru
bs, bisa
bsen, bosan
bt, buat
btw, ngomong-ngomong
buaya, tidak setia
bubbu, tidur
bubu, tidur
bumil, ibu hamil
bw, bawa
bwt, buat
byk, banyak
byrin, bayarkan
cabal, sabar
cadas, keren
calo, makelar
can, belum
capcus, pergi
caper, cari perhatian
ce, cewek
cekal, cegah tangkal
cemen, penakut
cengengesan, tertawa
cepet, cepat
cew, cewek
chuyunk, sayang
cimeng, ganja
cipika cipiki, cium pipi kanan cium pipi kiri
ciyh, sih
ckepp, cakep
ckp, cakep
cmiiw, correct me if i'm wrong
cmpur, campur
cong, banci
conlok, cinta lokasi
cowwyy, maaf
cp, siapa
cpe, capek
cppe, capek
cucok, cocok
cuex, cuek
cumi, Cuma miscall
cups, culun
curanmor, pencurian kendaraan bermotor
curcol, curahan hati colongan
cwek, cewek
cyin, cinta
d, di
dah, deh
dapet, dapat
de, adik
dek, adik
demen, suka
deyh, deh
dgn, dengan
diancurin, dihancurkan
dimaafin, dimaafkan
dimintak, diminta
disono, di sana
dket, dekat
dkk, dan kawan-kawan
dll, dan lain-lain
dlu, dulu
dngn, dengan
dodol, bodoh
doku, uang
dongs, dong
dpt, dapat
dri, dari
drmn, darimana
drtd, dari tadi
dst, dan seterusnya
dtg, datang
duh, aduh
duren, durian
ed, edisi
egp, emang gue pikirin
eke, aku
elu, kamu
emangnya, memangnya
emng, memang
endak, tidak
enggak, tidak
envy, iri
ex, mantan
fax, facsimile
fifo, first in first out
folbek, follow back
fyi, sebagai informasi
gaada, tidak ada uang
gag, tidak
gaje, tidak jelas
gak papa, tidak apa-apa
gan, juragan
gaptek, gagap teknologi
gatek, gagap teknologi
gawe, kerja
gbs, tidak bisa
gebetan, orang yang disuka
geje, tidak jelas
gepeng, gelandangan dan pengemis
ghiy, lagi
gile, gila
gimana, bagaimana
gino, gigi nongol
githu, gitu
gj, tidak jelas
gmana, bagaimana
gn, begini
goblok, bodoh
golput, golongan putih
gowes, mengayuh sepeda
gpny, tidak punya
gr, gede rasa
gretongan, gratisan
gtau, tidak tahu
gua, saya
guoblok, goblok
gw, saya
ha, tertawa
haha, tertawa
hallow, halo
hankam, pertahanan dan keamanan
hehe, he
helo, halo
hey, hai
hlm, halaman
hny, hanya
hoax, isu bohong
hr, hari
hrus, harus
hubdar, perhubungan darat
huff, mengeluh
hum, rumah
humz, rumah
ilang, hilang
ilfil, tidak suka
imho, in my humble opinion
imoetz, imut
item, hitam
itungan, hitungan
iye, iya
ja, saja
jadiin, jadi
jaim, jaga image
jayus, tidak lucu
jdi, jadi
jem, jam
jga, juga
jgnkan, jangankan
jir, anjing
jln, jalan
jomblo, tidak punya pacar
jubir, juru bicara
jutek, galak
k, ke
kab, kabupaten
kabor, kabur
kacrut, kacau
kadiv, kepala divisi
kagak, tidak
kalo, kalau
kampret, sialan
kamtibmas, keamanan dan ketertiban masyarakat
kamuwh, kamu
kanwil, kantor wilayah
karna, karena
kasubbag, kepala subbagian
katrok, kampungan
kayanya, kayaknya
kbr, kabar
kdu, harus
kec, kecamatan
kejurnas, kejuaraan nasional
kekeuh, keras kepala
kel, kelurahan
kemaren, kemarin
kepengen, mau
kepingin, mau
kepsek, kepala sekolah
kesbang, kesatuan bangsa
kesra, kesejahteraan rakyat
ketrima, diterima
kgiatan, kegiatan
kibul, bohong
kimpoi, kawin
kl, kalau
klianz, kalian
kloter, kelompok terbang
klw, kalau
km, kamu
kmps, kampus
kmrn, kemarin
knal, kenal
knp, kenapa
kodya, kota madya
komdis, komisi disiplin
komsov, komunis sovyet
kongkow, kumpul bareng teman-teman
kopdar, kopi darat
korup, korupsi
kpn, kapan
krenz, keren
krm, kirim
kt, kita
ktmu, ketemu
ktr, kantor
kuper, kurang pergaulan
kw, imitasi
kyk, seperti
la, lah
lam, salam
lamp, lampiran
lanud, landasan udara
latgab, latihan gabungan
lebay, berlebihan
leh, boleh
lelet, lambat
lemot, lambat
lgi, lagi
lgsg, langsung
liat, lihat
litbang, penelitian dan pengembangan
lmyn, lumayan
lo, kamu
loe, kamu
lola, lambat berfikir
louph, cinta
low, kalau
lp, lupa
luber, langsung
luchuw, lucu
lum, belum
luthu, lucu
lwn, lawan
maacih, terima kasih
mabal, bolos
macem, macam
macih, masih
maem, makan
magabut, makan gaji buta
maho, homo
mak jang, kaget
maksain, memaksa
malem, malam
mam, makan
maneh, kamu
maniez, manis
mao, mau
masukin, masukkan
melu, ikut
mepet, dekat sekali
mgu, minggu
migas, minyak dan gas bumi
mikol, minuman beralkohol
miras, minuman keras
mlah, malah
mngkn, mungkin
mo, mau
mokad, mati
moso, masa
mpe, sampai
msk, masuk
mslh, masalah
mt, makan teman
mubes, musyawarah besar
mulu, melulu
mumpung, selagi
munas, musyawarah nasional
muntaber, muntah dan berak
musti, mesti
muupz, maaf
mw, now watching
n, dan
nanam, menanam
nanya, bertanya
napa, kenapa
napi, narapidana
napza, narkotika
narkoba, narkotika
nasgor, nasi goreng
nda, tidak
ndiri, sendiri
ne, ini
nekolin, neokolonialisme
nembak, menyatakan cinta
ngabuburit, menunggu berbuka puasa
ngaku, mengaku
ngambil, mengambil
nganggur, tidak punya pekerjaan
ngapah, kenapa
ngaret, terlambat
ngasih, memberikan
ngebandel, berbuat bandel
ngegosip, bergosip
ngeklaim, mengklaim
ngeksis, menjadi eksis
ngeles, berkilah
ngelidur, menggigau
ngerampok, merampok
ngga, tidak
ngibul, berbohong
ngiler, mau
ngiri, iri
ngisiin, mengisikan
ngmng, bicara
ngomong, bicara
ngubek2, mencari-cari
ngurus, mengurus
nie, ini
nih, ini
niyh, nih
nmr, nomor
nntn, nonton
nobar, nonton bareng
np, now playing
ntar, nanti
ntn, nonton
numpuk, bertumpuk
nutupin, menutupi
nyari, mencari
nyekar, menyekar
nyicil, mencicil
nyoblos, mencoblos
nyokap, ibu
ogah, tidak mau
ol, online
ongkir, ongkos kirim
oot, out of topic
org2, orang-orang
ortu, orang tua
otda, otonomi daerah
otw,sedang di jalan
pacal, pacar
pake, pakai
pala, kepala
pansus, panitia khusus
parpol, partai politik
pasutri, pasangan suami istri
pd, pada
pede, percaya diri
pelatnas, pemusatan latihan nasional
pemda, pemerintah daerah
pemkot, pemerintah kota
pemred, pemimpin redaksi
penjas, pendidikan jasmani
perda, peraturan daerah
perhatiin, perhatikan
pesenan, pesanan
pgang, pegang
pi, tapi
pilkada, pemilihan kepala daerah
pisan, sangat
pk, penjahat kelamin
plg, paling
pmrnth, pemerintah
polantas, polisi lalu lintas
ponpes, pondok pesantren
pp, pulang pergi
prg, pergi
prnh, pernah
psen, pesan
pst, pasti
pswt, pesawat
pw, posisi nyaman
qmu, kamu
rakor, rapat koordinasi
ranmor, kendaraan bermotor
re, reply
ref, referensi
rehab, rehabilitasi
rempong, sulit
repp, balas
restik, reserse narkotika
rhs, rahasia
rmh, rumah
ru, baru
ruko, rumah toko
rusunawa, rumah susun sewa
ruz, terus
saia, saya
salting, salah tingkah
sampe, sampai
samsek, sama sekali
sapose, siapa
satpam, satuan pengamanan
sbb, sebagai berikut
sbh, sebuah
sbnrny, sebenarnya
scr, secara
sdgkn, sedangkan
sdkt, sedikit
se7, setuju
sebelas dua belas, mirip
sembako, sembilan bahan pokok
sempet, sempat
sendratari, seni drama tari
sgt, sangat
shg, sehingga
siech, sih
sikon, situasi dan kondisi
sinetron, sinema elektronik
siramin, siramkan
sj, saja
skalian, sekalian
sklh, sekolah
skt, sakit
slesai, selesai
sll, selalu
slma, selama
slsai, selesai
smpt, sempat
smw, semua
sndiri, sendiri
soljum, sholat jumat
songong, sombong
sory, maaf
sosek, sosial-ekonomi
sotoy, sok tahu
spa, siapa
sppa, siapa
spt, seperti
srtfkt, sertifikat
stiap, setiap
stlh, setelah
suk, masuk
sumpek, sempit
syg, sayang
t4, tempat
tajir, kaya
tau, tahu
taw, tahu
td, tadi
tdk, tidak
teh, kakak perempuan
telat, terlambat
telmi, telat berpikir
temen, teman
tengil, menyebalkan
tepar, terkapar
tggu, tunggu
tgu, tunggu
thankz, terima kasih
thn, tahun
tilang, bukti pelanggaran
tipiwan, TvOne
tks, terima kasih
tlp, telepon
tls, tulis
tmbah, tambah
tmen2, teman-teman
tmpah, tumpah
tmpt, tempat
tngu, tunggu
tnyta, ternyata
tokai, tai
toserba, toko serba ada
tpi, tapi
trdhulu, terdahulu
trima, terima kasih
trm, terima
trs, terus
trutama, terutama
ts, penulis
tst, tahu sama tahu
ttg, tentang
tuch, tuh
tuir, tua
tw, tahu
u, kamu
ud, sudah
udah, sudah
ujg, ujung
ul, ulangan
unyu, lucu
uplot, unggah
urang, saya
usah, perlu
utk, untuk
valas, valuta asing
w/, dengan
wadir, wakil direktur
wamil, wajib militer
warkop, warung kopi
warteg, warung tegal
wat, buat
wkt, waktu
wtf, what the fuck
xixixi, tertawa
ya, iya
yap, iya
yaudah, ya sudah
yawdah, ya sudah
yg, yang
yl, yang lain
yo, iya
yowes, ya sudah
yup, iya
7an, tujuan
ababil, abg labil
acc, accord
adlah, adalah
adoh, aduh
aha, tertawa
aing, saya
aja, saja
ajj, saja
aka, dikenal juga sebagai
akko, aku
akku, aku
akyu, aku
aljasa, asal jadi saja
ama, sama
ambl, ambil
anjir, anjing
ank, anak
ap, apa
apaan, apa
ape, apa
aplot, unggah
apva, apa
aqu, aku
asap, sesegera mungkin
aseek, asyik
asek, asyik
aseknya, asyiknya
asoy, asyik
astrojim, astagfirullahaladzim
ath, kalau begitu
atuh, kalau begitu
ava, avatar
aws, awas
ayang, sayang
ayok, ayo
bacot, banyak bicara
bales, balas
bangdes, pembangunan desa
bangkotan, tua
banpres, bantuan presiden
bansarkas, bantuan sarana kesehatan
bcoz, karena
beb, sayang
bejibun, banyak
belom, belum
bener, benar
ber2, berdua
berdikari, berdiri di atas kaki sendiri
bet, banget
beti, beda tipis
beut, banget
bgd, banget
bgs, bagus
bhubu, tidur
bimbuluh, bimbingan dan penyuluhan
bisi, kalau-kalau
bkn, bukan
bl, beli
blg, bilang
blm, belum
bls, balas
bnchi, benci
bngung, bingung
bnyk, banyak
bohay, badan aduhai
bokep, porno
bokin, pacar
bole, boleh
bolot, bodoh
bonyok, ayah ibu
bpk, bapak
brb, segera kembali
brngkt, berangkat
brp, berapa
brur, saudara laki-laki
bsa, bisa
bsk, besok
bu_bu, tidur
bubarin, bubarkan
buber, buka bersama
bujubune, luar biasa
buser, buru sergap
bwhn, bawahan
byar, bayar
byr, bayar
c8, chat
cabut, pergi
caem, cakep
cama-cama, sama-sama
cangcut, celana dalam
cape, capek
caur, jelek
cekak, tidak ada uang
cekidot, coba lihat
cemplungin, cemplungkan
ceper, pendek
ceu, kakak perempuan
cewe, cewek
cibuk, sibuk
cin, cinta
ciye, cie
ckck, ck
clbk, cinta lama bersemi kembali
cmpr, campur
cnenk, senang
congor, mulut
cow, cowok
coz, karena
cpa, siapa
gokil, gila
gombal, suka merayu
gpl, tidak pakai lama
gpp, tidak apa-apa
gretong, gratis
gt, begitu
gtw, tidak tahu
gue, saya
guys, teman-teman
gws, cepat sembuh
haghaghag, tertawa
hakhak, tertawa
handak, bahan peledak
hansip, pertahanan sipil
hellow, halo
helow, halo
hi, hai
hlng, hilang
hnya, hanya
houm, rumah
hrs, harus
hubad, hubungan angkatan darat
hubla, perhubungan laut
huft, mengeluh
humas, hubungan masyarakat
idk, saya tidak tahu
ilfeel, tidak suka
imba, jago sekali
imoet, imut
info, informasi
itung, hitung
isengin, bercanda
iyala, iya lah
iyo, iya
jablay, jarang dibelai
jadul, jaman dulu
jancuk, anjing
jd, jadi
jdikan, jadikan
jg, juga
jgn, jangan
jijay, jijik
jkt, jakarta
jnj, janji
jth, jatuh
jurdil, jujur adil
jwb, jawab
ka, kakak
kabag, kepala bagian
kacian, kasihan
kadit, kepala direktorat
kaga, tidak
kaka, kakak
kamtib, keamanan dan ketertiban
kamuh, kamu
kamyu, kamu
kapt, kapten
kasat, kepala satuan
kasubbid, kepala subbidang
kau, kamu
kbar, kabar
kcian, kasihan
keburu, terlanjur
kedubes, kedutaan besar
kek, seperti
keknya, kayaknya
keliatan, kelihatan
keneh, masih
kepikiran, terpikirkan
kepo, mau tahu urusan orang
kere, tidak punya uang
kesian, kasihan
ketauan, ketahuan
keukeuh, keras kepala
khan, kan
kibus, kaki busuk
kk, kakak
klian, kalian
klo, kalau
kluarga, keluarga
klwrga, keluarga
kmari, kemari
kmpus, kampus
kn, kan
knl, kenal
knpa, kenapa
kog, kok
kompi, komputer
komtiong, komunis Tiongkok
konjen, konsulat jenderal
koq, kok
kpd, kepada
kptsan, keputusan
krik, garing
krn, karena
ktauan, ketahuan
ktny, katanya
kudu, harus
kuq, kok
ky, seperti
kykny, kayanya
laka, kecelakaan
lambreta, lambat
lansia, lanjut usia
lapas, lembaga pemasyarakatan
lbur, libur
lekong, laki-laki
lg, lagi
lgkp, lengkap
lht, lihat
linmas, perlindungan masyarakat
lmyan, lumayan
lngkp, lengkap
loch, loh
lol, tertawa
lom, belum
loupz, cinta
lowh, kamu
lu, kamu
luchu, lucu
luff, cinta
luph, cinta
lw, kamu
lwt, lewat
maaciw, terima kasih
mabes, markas besar
macem-macem, macam-macam
madesu, masa depan suram
maen, main
mahatma, maju sehat bersama
mak, ibu
makasih, terima kasih
malah, bahkan
malu2in, memalukan
mamz, makan
manies, manis
mantep, mantap
markus, makelar kasus
mba, mbak
mending, lebih baik
mgkn, mungkin
mhn, mohon
miker, minuman keras
milis, mailing list
mksd, maksud
mls, malas
mnt, minta
moge, motor gede
mokat, mati
mosok, masa
msh, masih
mskpn, meskipun
msng2, masing-masing
muahal, mahal
muker, musyawarah kerja
mumet, pusing
muna, munafik
munaslub, musyawarah nasional luar biasa
musda, musyawarah daerah
muup, maaf
muuv, maaf
nal, kenal
nangis, menangis
naon, apa
napol, narapidana politik
naq, anak
narsis, bangga pada diri sendiri
nax, anak
ndak, tidak
ndut, gendut
nekolim, neokolonialisme
nelfon, menelepon
ngabis2in, menghabiskan
ngakak, tertawa
ngambek, marah
ngampus, pergi ke kampus
ngantri, mengantri
ngapain, sedang apa
ngaruh, berpengaruh
ngawur, berbicara sembarangan
ngeceng, kumpul bareng-bareng
ngeh, sadar
ngekos, tinggal di kos
ngelamar, melamar
ngeliat, melihat
ngemeng, bicara terus-terusan
ngerti, mengerti
nggak, tidak
ngikut, ikut
nginep, menginap
ngisi, mengisi
ngmg, bicara
ngocol, lucu
ngomongin, membicarakan
ngumpul, berkumpul
ni, ini
nyasar, tersesat
nyariin, mencari
nyiapin, mempersiapkan
nyiram, menyiram
nyok, ayo
o/, oleh
ok, ok
priksa, periksa
pro, profesional
psn, pesan
psti, pasti
puanas, panas
qmo, kamu
qt, kita
rame, ramai
raskin, rakyat miskin
red, redaksi
reg, register
rejeki, rezeki
renstra, rencana strategis
reskrim, reserse kriminal
sni, sini
somse, sombong sekali
sorry, maaf
sosbud, sosial-budaya
sospol, sosial-politik
sowry, maaf
spd, sepeda
sprti, seperti
spy, supaya
stelah, setelah
subbag, subbagian
sumbangin, sumbangkan
sy, saya
syp, siapa
tabanas, tabungan pembangunan nasional
tar, nanti
taun, tahun
tawh, tahu
tdi, tadi
te2p, tetap
tekor, rugi
telkom, telekomunikasi
telp, telepon
temen2, teman-teman
tengok, menjenguk
terbitin, terbitkan
tgl, tanggal
thanks, terima kasih
thd, terhadap
thx, terima kasih
tipi, TV
tkg, tukang
tll, terlalu
tlpn, telepon
tman, teman
tmbh, tambah
tmn2, teman-teman
tmph, tumpah
tnda, tanda
tnh, tanah
togel, toto gelap
tp, tapi
tq, terima kasih
trgntg, tergantung
trims, terima kasih
cb, coba
y, ya
munfik, munafik
reklamuk, reklamasi
sma, sama
tren, trend
ngehe, kesal
mz, mas
analisise, analisis
sadaar, sadar
sept, september
nmenarik, menarik
zonk, bodoh
rights, benar
simiskin, miskin
ngumpet, sembunyi
hardcore, keras
akhirx, akhirnya
solve, solusi
watuk, batuk
ngebully, intimidasi
masy, masyarakat
still, masih
tauk, tahu
mbual, bual
tioghoa, tionghoa
ngentotin, senggama
kentot, senggama
faktakta, fakta
sohib, teman
rubahnn, rubah
trlalu, terlalu
nyela, cela
heters, pembenci
nyembah, sembah
most, paling
ikon, lambang
light, terang
pndukung, pendukung
setting, atur
seting, akting
next, lanjut
waspadalah, waspada
gantengsaya, ganteng
parte, partai
nyerang, serang
nipu, tipu
ktipu, tipu
jentelmen, berani
buangbuang, buang
tsangka, tersangka
kurng, kurang
ista, nista
less, kurang
koar, teriak
paranoid, takut
problem, masalah
tahi, kotoran
tirani, tiran
tilep, tilap
happy, bahagia
tak, tidak
penertiban, tertib
uasai, kuasa
mnolak, tolak
trending, trend
taik, tahi
wkwkkw, tertawa
ahokncc, ahok
istaa, nista
benarjujur, jujur
mgkin, mungkin
&,dan
+,tambah
/,atau
=,sama dengan
 abal2,palsu
abal,palsu
akooh,aku
albm,album
ampe,sampai
anyway,ngomong-ngomong
 ato,atau
atw,atau
baget,keras kepala
baper,bawa perasaan
bapuk,rusak
bcra,bicara
bebeb,pacar
begin,awal
better,lebih baik
bf,pacar
bhas,bahas
bhg,bahagia
bikin,buat
binggo,banget
bingit,banget
bklan,bakalan
bnr,benar
brjaya,berjaya
cm,cuma
cnt,cinta
congrats,selamat
crop,potong
cya,sampai jumpa lagi
da,ada
dafuk,kurang ajar
damat,tidak peduli
dempa,demi apa
dkt,dekat
dlm,dalam
dmn,dimana
dr,dari
drpd,daripada
dsna,disana
dugem,dunia gemerlap
elo,kamu
emg,memang
epsd,episode
fake,falsu
fans,penggemar
faq,pertanyaan umum
fham,paham
fhm,paham
fix,pasti
ft,foto
g,tidak
ga,tidak
gabut,gaji buta
gada,tidak ada
gajebo,tidak jelas
gak,tidak
galau,bimbang
garing,hambar
gatau,tidak tahu
gengges,ganggu
gf,pacar
ggl,gagal
gk,tidak
gmn,bagaimana
gmpng,gampang
gogon,go internasional
grammar,tata bahasa
hacep,pesta pora
hater,pembenci
haters,pembenci
hdp,hidup
hdr,hadir
hit,terpopuler
hits,terkini
ig,instagram
indo,indonesia
iow,dengan kata lain
ipon,iphone
jdnya,jadinya
jgan,jangan
jl,jalan
jls,jelas
kamseupay,kampungan
karn,karena
kca,kaca
keles,kali
keleus,kali
kgk,kagak
kicep,diam
kipak,bohong
klon,duplikat
klrg,keluarga
klu,kalau
kmn,kemana
krna,karena
kumkeb,kumpul kebo
kzl,kesal
lebeh,berlebihan
lgs,langsung
lnjut,lanjut
love,cinta
maaci,terima kasih
mabok,mabuk
mager,malas gerak
maharani,mahal
mainstream,sangat umum
males,malas
mcm,macam
mehong,mahal
meneketehe,tidak tahu
menel,centil
mimin,admin
minn,admin
mkn,makan
mlm,malam
mmg,memang
modus,maksud lain
mrk,mereka
mrka,mereka
much,lebih
mure,murah
ngeuh,paham
nggu,menunggu
ngk,tidak
nic,penggemar agnezmo
nice,bagus
nicong,penggemar agnezmo
nongkrong,kumpul-kumpul
nyungsep,jatuh
official,resmi
olh,oleh
or,atau
org,orang
pa,apa
palbis,paling bisa
pcr,pacar
pcran,pacaran
pdhal,padahal
peres,palsu
pg,pagi
pgg,pegang
pkai,pakai
pls,tolong
pnh,pernah
pntg,penting
pny,punya
prasmul,perasaan saja
prcya,percaya
recokin,ganggu
ri,republik indonesia
rotfl,tertawa
sabeb,bebas
schedule,jadwal
sdh,sudah
selow,santai
sgtu,segitu
sgtuny,segitunya
msih,masih
sjjurny,sejujurnya
skali,sekali
skrg,sekarang
slh,salah
sm,sama
smg,semoga
smga,semoga
smwnya,semuanya
stage,panggung
stj,setuju
stuju,setuju
sya,saya
tengsin,malu
cntik,cantik
tkt,takut
tpii,tapi
trus,terus
ttp,tetap
typo,salah tulis
with,dengan
woles,santai
4ever,selamanya
abg,remaja
abng,abang
abjat,abjad
adpokat,advokat
ae,saja
afdol,afdal
afwan,maaf
ajib,asyik
akikah,aku
akn,akan
akoo,aku
aktip,aktif
alaikit,aku suka
alibi,alasan
amajing,luar biasa
amat,banget
ambyar,hancur
ampibi,amfibi
ana,saya
ane,saya
anget,hangat
anggep,anggap
angus,hangus
apdate,update
app,aplikasi
apusin,hapus
arap,arab
artiin,mengartikan
asunt,kampungan
au,tidak tahu
awewe,wanita
b.indo,bahasa indonesia
bacod,banyak bicara
bagat,sangat
bagong,gendut
baheula,dahulu
bais,habis
baks,rokok
balsem,balsam
barle,berlebihan
basing,terserah
bat,banget
bbrpa,beberapa
bbrp,beberapa
bebski,kekasih
beceng,pistol
bedangklik,pelit
be'eng,sangat
begichu,begitu
begicyu,begitu
bego,bodoh
belis,iblis
benga,bodoh
bengad,banget
benong,banci
beol,buang air besar
beon,bodoh
bero,kawan
beroh,kawan
bgini,begini
bgm,bagaimana
bgmana,bagaimana
bgst,bangsat
bhkn,bahkan
bhw,bahwa
bhwa,bahwa
bicit,berisik
binggow,banget
bingits,banget
binun,bingung
bis,bus
biskec,tidak mau
bispak,pelacur
bisyar,pelacur
bleh,boleh
blendes,mabuk
bleweh,gondrong
bli,beli
blng,bilang
blom,belum
bloman,belum
bner,benar
bngn,bangun
bngun,bangun
boam,tidak peduli
boboan,tiduran
bocikam,kampungan
bodo amat,tidak peduli
boil,mobil
bokinan,pacaran
bomad,tidak peduli
bongot,bodoh
boong,bohong
botek ,monyet
brads,sahabat
brandal,berandal
bray,kawan
brewok,bewok
brisik,berisik
broh,kawan
brondong,lebih muda
bthkan,butuhkan
buacot,banyak bicara
bukber,buka bersama
cabe,cabai
cacu,lucu
caludih,kagum
cangkeman,cerewet
cangkeme,mulutnya
capek,lelah
ceam,cakep
celaloh,selalu
cemat,wanita
cemungud,semangat
cemungudh,semangat
cengli,adil
cepetan,lebih cepat
ciamik,bagus
ciang,siang
cicep,mencicipi
cidera,cedera
cikil,licik
cimed,pelit
cincay,mudah
cingku,hebat
cipi,ayah
ciut,takut
ciyus,serius
cocot,mulut
cofan,penggemar
coli,onani
collab,kolaborasi
copas,mencontek
cot,banyak bicara
cotba,banyak bicara
cowo,pria
cuz,karena
cpt,cepat
cpat,cepat
crita,cerita
ctw,cukup tahu
cubang,takut sekali
cucah,susah
cukstaw,cukup tahu
culs,culun
cuman,cuma
cumpah,sumpah
cumumut,semangat
cungguh,sungguh
cungkring,kurus tinggi
cupid,bodoh
curhat,curahan hati
cute,lucu
cyduk,ciduk
dak,tidak
danta,benar
daptar,daftar
dbthkan,dibutuhkan
dente,maksa
design,desain
diary,catatan
die,dia
dikempongin,ditipu
dikiro,dikira
dimandose,dimana
disco,disko
dmna,dimana
dn,dan
dokat,uang
dolo,dahulu
dongo,bodoh
donk,dong
dpat,dapat
dsr,dasar
dulu,dahulu
dulur,saudara
edan,gila
edun,gila
eiyke,saya
emesh,gemas
enelan,benaran
eneng,mual
engg,tidak
engga,tidak
engk,tidak
ente,anda
epektif,efektif
epektip,efektif
esde,sekolah dasar
ewe,wanita
eyke,saya
faham,paham
femau,bodoh
frustasi,frustrasi
fto,foto
fudul,ingin tahu
gabisa,tidak  bisa
gaes,kawan
gahol,gaul
gajetot,tidak jelas
gakebayang,tidak terbayang
gambleh,bicara
gambles,omong kosong
gapapa,tidak masalah
gapunya,tidak punya
gausah,tidak perlu
gawsah,tidak perlu
gbisa,tidak bisa
gece,cepat
gegara,akibat
gelo,gila
gemblek,bodoh
gemblung,bodoh
gemte,tidak bermutu
gendeng,gila
genjos,ganja
genk,kelompok
ghoblok,bodoh
gini,begini
gitu,begitu
gituh,begitu
gjls,tidak jelas
glendotan,manja
gmna,bagaimana
gmw,tidak ingin
gomblek,berpacaran
grgr,gara-gara
grundelan,kekecewaan
gtu,begitu
gujis,bohong
guwe,saya
gweh,aku
hapal,hafal
hbd,selamat ulang tahun
hbs,habis
homey,rumah
hp,gadget
iank,yang
idup,hidup
ihlas,ikhlas
ijin,izin
ijn,izin
iklas,ikhlas
indon,indonesia
intipin,mengintip
jadual,jadwal
jakbar,jakarta barat
jaksel,jakarta selatan
jaktim,jakarta timur
jaman,zaman
jand,jangan
jdwl,jadwal
jekardah,jakarta
jengri,ganja
jha,saja
jibang,jijik
jinguk,keparat
jkw,jokowi
jngan,jangan
julid,iri
jwa,jawa
kabeh,semua
kacung,pembantu
kajol,tidak jelas
kampring,kampungan
kamsud,maksud
kamsuli,kampungan
kamsute,maksudnya
kate,kata
karo,sama
kayaknya,sepertinya
kebon,kebun
kece,keren
keder,bingung
kekk,seperti
kemaleman,kemalaman
kemek,makan
kemli,pelacur
kemsi,makan siang
kenaps,kenapa
kenthok,gila
kentir,gila
kesyel,kesel
ketypu,tertipu
keyen,keren
kgn,kangen
kirek,anjing
kiro,kira
kka,kakak
klas,kelas
klepto,pencuri
kmaren,kemarin
kmren,kemarin
kmu,kamu
knakalan,kenakalan
kobam,mabuk
kocak,lucu
koe,kamu
koit,mati
kolem,kolam
koplak,bodoh
kreatip,kreatif
kreck,diperbaiki
kta,kita
kupret,sialan
kuy,ayo
laen,lain
lamo,lama
lau,anda
lbh,lebih
lemazh,lemas
lembap,lembab
lenje,maja
letoy,lemas
leyeh,bermalas-malasan
loeh,kamu
lsg,langsung
lucknut,laknat
lur,saudara
maap,maaf
maapin,maafkan
mablang,gila
maciy,masih
mainin,memainkan
make,pakai
mandose,mana
mangapa,mengapa
manjiw,mantap
markipul,mari kita pulang
mash,masih
masi,masih
masie,masih
maseih,masih
mat,selamat
maw,mau
medit,pelit
melalay,melancong
mele,mulu
membtuhkan,membutuhkan
membtuhkn,membutuhkan
menong,mana
mentri,menteri
menye,lemah
met,selamat
metong,mati
miapah,demi apa
mingkem,diam
mjd,menjadi
mksdnya,maksudnya
modom,tidur
mokong,bandel
mon maap,mohon maaf
move on,bangkit
msuk,masuk
muchomucho,cium
mudang,bohong
mujel,jelek
muns,munafik
mupeng,ingin
muyu,mulu
nadoyo,keren
naek,naik
nag,anak
najong,najis
nak,anak
narsum,narasumber
ndablek,idiot
nego,tawar
negri,negeri
nemang,pengamen
nga,tidak
ngafalin,menghafal
ngajak,mengajak
ngak,tidak
ngamau,tidak ingin
ngame,banyak bicara
ngandelin,mengandalkan
ngantuk,kantuk
nganu,itu
ngapa,mengapa
ngarep,berharap
ngatain,menghina
ngatur,mengatur
ngebacotin,membicarakan
ngebut,kencang
ngechat,menghubungi
ngedekem,menyendiri
ngefek,berarti
ngegas,emosi
ngehargain,menghargai
ngehina,menghina
ngehong,sialan
ngelarang,melarang
ngeluh,mengeluh
ngembik,sengsara
ngenji,gila
ngerecokin,mengganggu
ngerockshow,merokok
ngeroko,merokok
ngerokok,merokok
ngerp,berharap
ngetes,mengetes
ngetren,populer
nggapleki,menyebalkan
nggilani,jijik
nggomblek,berpacaran
ngibulin,membohongi
ngilang,menghilang
ngira,dikira
ngoceh,mengoceh
ngomel,marah
ngontrak,mengontrak
ngrasa,merasa
ngrecokin,mengganggu
ngucap,bicara
ngundang,mengundang
ngutip,mengutip
niker,tidur
nite,selamat malam
nnton,menonton
nob,payah
nomer,nomor
nongkri,nongkrong
nongol,muncul
ntr,nanti
nyakitin,membuat sakit
nyalip,menyalip
nyambung,menyambung
nyebelin,menyebalkan
nyempetin,menyempatkan
nyengir,tersenyum
nyesek,sesak
nyicip,mencicipi
nyiramin,menyiram
nyolong,mencuri
nyusahin,membuat susah
ojo,jangan
ojol,ojek online
oker,rokok
oon,bodoh
orng,orang
oyeng,goreng
pait,pahit
pakek,pakai
pan,kan
parno,takut
pdhl,padahal
pdkt,pendekatan
pebruari,februari
pekok,bodoh
pekrja,pekerja
pembokat,pembantu
pemprov,pemerintah provinsi
pen,ingin
pengen,ingin
perduli,peduli
petepete,patungan
pgi,pagi
pgn,ingin
pijet,pijat
pikir,fikir
pinter,pintar
pisu,ibu
pke,pakai
plesetin,dirubah
plintiran,pelintiran
plis,mohon
plokis,polisi
pnya,punya
pokis,pisau
poto,foto
prustasi,frustrasi
pundung,kesal
pura2,pura-pura
q,aku
qm,kamu
qta,kita
qu,aku
rajelas,tidak jelas
rapopo,tidak masalah
rede,siap
rempi,lemah
rese,menyebalkan
retwit,retweet
rikiplik,kuno
roha,santai
rokum,rumah
rp,rupiah
rt,retweet
sabi,bisa
saik,keren
saiko,gila
salome,pelacur
saltum,salah kostum
samaa,sama
samsara,sama
sangad,sangat
sange,nafsu
sarap,gila
saur,sahur
sayank,sayang
sbelum,sebelum
sbg,sebagai
sbgai,sebagai
sblm,sebelum
sblmny,sebelumnya
sblmnya,sebelumnya
sdg,sedang
sdgkan,sedangkan
seblmnya,sebelumnya
seblom,sebelum
segaban,banyak
sekatak,sedikit
sekseh,seksi
selek,marah
selon,santai
semok,seksi
sensi,sensitif
separo,separuh
serah,terserah
sesok,besok
setuja,setuju
sikit,sedikit
simsimi,sama-sama
sindang,sini
sist,kakak
skg,sekarang
skr,sekarang
skrng,sekarang
slalu,selalu
slengean,banyak tingkah
sllu,selalu
smlm,semalam
smpe,sampai
smua,semua
sndri,sendiri
sobat,sahabat
soblen,maling
soked,setan
sombonk,sombong
somplak,bodoh
sopo,siapa
sosmed,sosial media
spaneng,pusing
sprt,seperti
spupet,sepupu
srg,sering
sring,sering
studi,belajar
stuja,setuju
subo,pembohong
sue,sial
susa,susah
syntink,cantik
syok,kaget
tablo,bodoh
taek,tahi
tanco,bodoh
tanksin,malu
tansil,percuma
taon,tahun
tase,bermesraan
tbtb,tiba-tiba
tdr,tidur
temenan,berteman
tengkyu,terimakasih
tepos,pipih
tercyduk,tertangkap
tetep,tetap
tetiba,tiba-tiba
teye,terimakasih
tfl,terimakasih
tgh,tengah
thdp,terhadap
thun,tahun
tiati,hati - hati
tida,tidak
tillaco,bangsat
tipo,salah ketik
titidj,hati - hati
tk,tidak
tmn,teman
tnp,tanpa
tnpa,tanpa
tntng,tentang
tobat,taubat
tonjleng,habisi
traweh,teraweh
triak,teriak
trsbr,tersebar
trsngka,tersangka
tsb,tersebut
ttng,tentang
tu,itu
tubir,bertikai
tuing,tua
tuwir,tua
tuwo,tua
tv,televisi
twt,tweet
ucul,lucu
udh,sudah
ujir,uang
untk,untuk
usa,usah
utang,hutang
ver,versi
vroh,kawan
w,aku
wankano,nikah
wapak,alumni
wes,sudah
wlpun,walaupun
wlw,walau
wlwpn,walaupun
woless,santai
yanh,yang
kbodohan,kebodohan
luv,love
say,sayang
bsama,bersama
bsar,besar
bsok,esok
bth,butuh
buanget,sangat
bwh,bawah
bwah,bawah
cba,coba
clon,calon
cma,cuma
cw,wanita
cwe,wanita
dftr,daftar
dg,dengan
dl,dahulu
dpn,depan
dsb,dan sebagainya
dsini,disini
emgny,memangnya
emgnya,memangnya
emngnya,memangnya
emngny,memangnya
entar,nanti
jakpus,jakarta pusat
jleb,sakit
jngn,jangan
keadan,keadaan
kelaman,terlalu lama
kgt,terkejut
kmrin,kemarin
kyak,seperti
lngsng,langsung
masieh,masih
mksh,terimakasih
mngerjakan,mengerjakan
mngrjkan,mengerjakan
mnjd,menjadi
ngadepin,menghadapi
nyaris,hampir
php,pemberi harapan palsu
pingin,ingin
plng,pulang
qaqa,kakak
qaqq,kakak
rja,raja
salh,salah
slah,salah
sbnr,sebenar
sbnrnya,sebenarnya
scra,secara
sdah,sudah
sdngkan,sedangkan
sdngkn,sedangkan
sdrhna,sederhana
sudh,sudah
sderhana,sederhana
shbt,sahabat
shrhana,sederhana
shbtku,sahabatku
shbat,sahabat
slm,selama
sob,sahabat
takk,tidak
tgn,tangan
th,tahun
tidakkah,tidak kah
tidakkkk,tidak
tidaklah,tidak lah
tlh,telah
tlah,telah
tngh,tengah
tntg,tentang
trjn,terjun
tsbt,tersebut
zamn,zaman
zman,zaman
zmn,zaman
lpa,lupa
breng,bareng
mkan,makan
jt,juta
rb,ribu
donx,dong
ngaciir,kabur
nahh,nah
gank, kelompok
benar2,benar-benar
fb,facebook
emang,memang
mk,maka
tmsk,termasuk
tdak,tidak
rusax,rusak
rusaxx,rusak
krnnya,karenanya
gbu,tuhan memberkati
siapaa,siapa
dulunya,dahulu nya
bgmnpun,bagaimana pun
hambanya,hamba nya
dgan,dengan
statmen,pernyataan
moga,semoga
geplak,pukul
ngincer,membidik
mlalui,melalui
congrat,selamat
wagub,wakil gubernur
bp,bapak
masinga2,masing-masing
terinjakinjak,terinjak-injak
pakde,bapak
besarbesaran,besar-besaran
deg2an,khawatir
blanja,belanja
khann,kan
keciill,kecil
hrsnya,harusnya
slama,selama
dijdkan,dijadikan
blajarlah,belajarlah
gub,gubernur
tampa,tanpa
gmgm,bagaimana
smoga,semoga
wrga,warga
hti,hati
dkng,dukung
spnhnya,sepenuhnya
bhkan,bahkan
brpndpt,berpendapat
hestek,hashtag
kwatir,khawatir
uda,sudah
mudah2an,mudah-mudahan
lanjtkn,lanjutkan
mksih,terimakasih
tlg,tolong
nyampe,sampai
harusny,harusnya
mikirin,memikirkan
nyuruh,memerintahkan
sngt,sangat
jkrta,jakarta
ntah,entah
kasi,kasih
smngt,semangat
sangt,sangat
trbaik,terbaik
mmang,memang
sampean,kalian
krja,kerja
ktnya,katanya
hy,hanya
kedpnnya,kedepannya
nyengiir,senyum
pmbrntsan,pemberantasan
jgn2,jangan jangan
ssuai,sesuai
mmng,memang
lambt,lambat
prcyalah,percayalah
jmpa,jumpa
mreka,mereka
miara,memelihara
brani,berani
setress,stress
jng,jangan
kbnykn,kebanyakan
bntr,bentar
kjahatan,kejahatan
kmanusian,kemanusiaan
tmasuk,termasuk
pngamat,pengamat
mlanggar,melanggar
kakix,kaki
mdh,mudah
mnilai,menilai
sebenernya,sebenarnya
nangkep,menangkap
merka,mereka
nyanyi,menyanyi
maf,maaf
ngacir,kabur
scorupsi,korupsi
nengokin,menjenguk
cakar2an,berebutan
ndeso,kampungan
sendri,sendiri
mimpin,memimpin
nyinyirin,mengejek
nyinyir,mengejek
pleciden,presiden
dipake,dipakai
bergrak,bergerak
debatin,berdebat
hesteg,hashtag
ajieb,mantap
terdpt,terdapat
perhati,perhatikan
nasip,nasib
smkin,semakin
terdpan,terdepan
disgla,disegala
konektifitas,konektivitas
pngen,ingin
gx,tidak
mantap,keren
mlht,melihat
dimintain,dimintai
pakdhe,paman
kampreters,sialan
alhmdlilah,alhamdulillah
cebonge,sialan
jendral,jenderal
dy,dia
mesjid,masjid
survey,survei
surveynya,surveinya
akal2an,akal-akalan
pidio,video
baek2,baik baik
sdr,saudara
ats,atas
gerakn,gerakan
rejim,rezim
dolar,dollar
vs,versus
sebarin,menyebarkan
banga,bangga
greget,mantap
walo,walau
skecil,sekecil
ngasi,memberi
brpa,berapa
acuhksn,acuhkan
jkrt,jakarta
penghargan,penghargaan
namax,nama
tingi,tinggi
denger,dengar
adem,sejuk
ungul,unggul
ngumpulin,mengumpulkan
eleknya,jeleknya
elek,jelek
gumpulin,mengumpulkan
bmutu,bermutu
nyiyir,mengejek
marah2,marah marah
mngijinkan,mengizinkan
twiter,twitter
tingal,tinggal
go,ayo
ush,usah
mdh2an, semoga
sbnernya,sebenarnya
semngat,semangat
teman2,teman teman
kebijakan2,kebijakan kebijakan
mgapa,mengapa
daerh,daerah
ngecam,mengancam
satu2nya,satu satunya
bnyak,banyak
wjar,wajar
mbrikn,memberikan
cpy,copy
cnthnya,contohnya
mg,semoga
memafkan,memaafkan
sama2,sama sama
hadeuh,aduh
bener2,benar benar
mng,memang
omonganya,omongannya
bnr2,benar benar
anak2,anak anak
twet,tweet
ingris,inggris
sat,saat
tres,stres
ungun,unggun
angun,anggun
bodo,bodoh
coban,cobaan
menghampirin,menghampiri
tat,taat
mengabaikanya,mengabaikannya
ngedukung,mendukung
kbnykan,kebanyakan
siap2, siap siap
ngelunjak,ingin lebih
kepret,sialan
dijelek2kan,dijelekkan
dbthkn,dibutuhkan
dgr,dengar
omong,bicara
gangu,ganggu
ham,hak asasi manusia
langar,langgar
kenyatan,kenyataan
keok,kalah
gede,besar
awasin,mengawasi
omdo,bohong
kuak,ungkap
socmed,sosial media
kmpg,kampung
ngmng2,bicara
duit,uang
jamban,toilet
palak,merampas
hari2,hari hari
dibangain,dibanggakan
bangain,banggakan
kls,kelas
satpol,petugas
suai,sesuai
enyak,enak
termsk,termasuk
kluar,keluar
ngaco,salah
korbanya,korban nya
wjb,wajib
iming2,iming iming
ngancam,mengancam
dajal,setan
munafikun,munafik
berhub,berhubungan
cukong,mafia
london,inggris
pilgub,pemilihan gubernur
tai,feses
mlainkan,melainkan
ngeleskan,berbohong kah
kelemahanya,kelemahannya
tantangin,menantang
nantangin,menantang
mrasa,merasa
smkn,semakin
taiker,pendukung bodoh
taiker2nya,pendukung bodohnya
trmsk,termasuk
luh,anda
banga2kan,bangga banggakan
alah,allah
mmbri,memberi
mbri,memberi
kmngkinan,kemungkinan
keungulan,keunggulan
bkal,akan
dsar,dasar
dzolim,jahat
kedzoliman,kejahatan
isuin,mengisukan
disuin,diisukan
dmksd,dimakasud
mknya,oleh karena nya
pduk,produk
prduk,produk
gara2,akibat
dekat2,berdekatan
cape2,lelah
kumpulin,mengumpulkan
nyatax,nyata
brutal,kejam
spanjang,sepanjang
sjarah,sejarah
mgusur,menggusur
jelas2,dengan jelas
bui,penjara
brengsex,berengsek
wc,toilet
kelen,kalian
blowup,ungkap
rkyt,rakyat
ngomongnya,bicaranya
sgala,segala
btul,benar
enake,enaknya
udele,pusar
dewek,sendiri
rampog,rampok
kurangajar,sialan
piye,bagaimana
iki,ini
dkung,dukung
tekumpul,terkumpul
kerjan,kerjaan
apa2,apa apa
ngeri,takut
palagi,apalagi
inget,ingat
mengakuix,mengakui
pasal2,pasal pasal
tipu2,tertipu
pencitran,pencitraan
jkarta,jakarta
aseng,asing
kyknya,sepertinya
kao,kau
antek2,antek
sptnya,sepertinya
khilangan,kehilangan
cepat2,cepat cepat
rs,rumah sakit
dateng,datang
mrmajukan,memajukan
obat2,obat obat
bus2,bus bus
telh,telah
dibully,diejek
dizolimi,di zolimi
kultwit,kuliah tweet
mbah,kakek
mantapp,mantap
komen2,komentar
baru2,baru baru
sukur,syukur
sukur2,syukur syukur
calon2,calon calon
semangatt,semangat
kiai,ustadz
kiai2,ustadz
sempet2,sampat sampat
ngisih,mengisi
aje,aja
fitnahers,pemfitnah
mlawan,melawan
orang2,orang orang
smangat,semangat
sumut,sumatera utara
sumbar,sumatera barat
hurraayy,hore
direspon,di respon
tegass,tegas
ituu,itu
meberi,memberi
profil2,profil
nyengirr,ketawa
mendptkn,mendapatkan
ngetop,terkenal
kmdhan,kemudahan
mnjlnkan,menjalankan
cagub,calon gubernur
wapres,wakil presiden
capres,calon presiden
penghianat2,penghianat
dimakimaki,di ejek
gubeernur,gubernur
yess,yes
diagung2kan,diagungkan
sibiang,si biang
mmberi,memberi
lakilaki,pria
kecut,pengecut
tvnya,televisinya
proo,pro
pgagangan,pegangan
memaki2,memaki
kamfret,sialan
hajar,pukul
mv,move
alm,almarhum
apek,bau
aus,haus
bae,baik
bareng,bersama
ktpnya, kartu tanda penduduk nya
krj,kerja
sngai,sungai
ktor,kotor
bngt,sangat
brsih,bersih
sikt,sikat
ktp,kartu tanda penduduk
malumalu,malu malu
ultahnya,ulang tahun nya
kluargany,keluarganya
kerenn,keren
kito,kita
orgitu,orang itu
brdoa,berdoa
knakan,kenakan
mantaabb,keren
fbnya,facebook nya
mrpk,merupakan
jos,hebat
dibubarin,dibubuarkan
pikirin,fikirkan
drpda,dari pada
brkampanye,berkampanye
mbantu,membantu
lngsung,langsung
rkyat,rakyat
mbuthkan,membutuhkan
twtr,twitter
mndukung,mendukung
mngantung,menggantung
tungal,tunggal
alhamdulilah,alhamdulillah
frepot,freepot
adalh,adalah
mnrima,menerima
nyamok,nyamuk
via,melalui
tuit,tweet
trmasuk,termasuk
jangn,jangan
breakfast,sarapan
lucuk,lucu
ngebahas,membicarakan
menjdi,menjadi
menjalnkn,menjalankan
trbuka,terbuka
trjamin,terjamin
prbowo,prabowo
wranto,wiranto
smbil,sambil
jwabny,jawabn
krena,karena
ingetlah,ingatlah
nyelam,menyelam
nelor,bertelur
nanem,bertanam
cabek,cabai
klau,kalau
bkan,bukan
jnji,janji
smpai,sampai
hbis,habis
jbatan,jabatan
keilangan,kehilangan
mlh,malah
nyalonen,mencalonkan
efect,berpengaruh
begimana ,bagaimana
kampenye,kampanye
lbih,lebih
krg,kurang
dbawh,dibawah
nyalon,mencalonkan
blajar,belajar
pngalaman,pengalaman
empet,kesal
muke,muka
mendapingi,mendampingi
dnyatakan,dinyatakan
brslah,bersalah
pgadilan,pengadilan
jwban,jawaban
ngrobohin,merobohkan
nyelesain,menyelesaikan
penguna,pengguna
memble,payah
perush,perusuh
sbagian,sebagian
ngantore,ke kantor
jwaban,jawaban
ckup,cukup
calonin,calonkan
gilo,gila
brti,berarti
endonesa,indonesia
dijadin,dijadikan
anakny,anaknya
smpi,sampai
unk,untuk
bergitu,begitu
tl0nglah,tolonglah
slain,selain
ngeliatnya,melihatnya
mndng,lebih baik
dlam,dalam
nyebarin,menyebarkan
kewalik,terbalik
kepentigan,kepentingan
pjk,pajak
psangon,pesangon
amn,aman
terkndali,terkendali
bjuang,berjuang
spatu,sepatu
diturunin,diturunkan
tidor,tidur
bny,banyak
angap,anggap
bngst,bangsat
bangst,bangsat
bngsat,bangsat
tlol,bodoh
anjg,anjing
anjng,anjing
waria,banci
ricuh,anarkis
